rank,region_id,region_name,province_name,district_name,hospital_code,hospital_name,hospital_type,masks,encounters,citizens,masks_per_citizen,answered,unanswered,answered_pct,median_reply_hours,p90_reply_hours,oldest_unanswered_days,matched,unmatched,match_rate_pct,masks_prior_90d,masks_recent_90d,change_90d_pct,share_pct,first_date_be,last_date_be,status_pending,status_in_progress,status_completed,status_no_error_found,status_not_recorded,status_unexpected_code,action_none_yet,action_data_corrected,action_other,action_not_recorded,action_unexpected_code
1,2,เขตสุขภาพที่ 2,พิษณุโลก,บางระกำ,11252,โรงพยาบาลบางระกำ,โรงพยาบาลชุมชน,39,39,12,3.25,0,39,0.0,,,9.7,39,0,100.0,5,2,-60.0,7.16,25620204,25690713,0,0,0,0,39,0,0,0,0,39,0
2,2,เขตสุขภาพที่ 2,พิษณุโลก,เมืองพิษณุโลก,77750,ศูนย์สุขภาพชุมชนเมืองเขื่อนขันธ์,ศูนย์สุขภาพชุมชน ของ รพ. / เมือง (ศสม.),34,34,16,2.12,0,34,0.0,,,9.6,34,0,100.0,3,3,0.0,6.24,25660425,25690531,5,0,0,0,29,0,5,0,0,29,0
3,2,เขตสุขภาพที่ 2,พิษณุโลก,เมืองพิษณุโลก,07495,โรงพยาบาลส่งเสริมสุขภาพตำบลบึงพระ,โรงพยาบาลส่งเสริมสุขภาพตำบล,32,32,19,1.68,0,32,0.0,,,9.6,32,0,100.0,0,2,,5.87,25661207,25690707,4,0,0,0,28,0,4,0,0,28,0
4,2,เขตสุขภาพที่ 2,พิษณุโลก,เมืองพิษณุโลก,07490,โรงพยาบาลส่งเสริมสุขภาพตำบลบ้านกร่าง,โรงพยาบาลส่งเสริมสุขภาพตำบล,30,30,12,2.5,0,30,0.0,,,10.0,30,0,100.0,4,5,25.0,5.5,25660727,25690626,3,0,0,0,27,0,3,0,0,27,0
5,2,เขตสุขภาพที่ 2,พิษณุโลก,เมืองพิษณุโลก,10676,โรงพยาบาลพุทธชินราช,โรงพยาบาลศูนย์,28,28,23,1.22,2,26,7.1,41.5,81.3,9.6,28,0,100.0,2,6,200.0,5.14,25630515,25690801,3,1,1,0,23,0,3,0,2,23,0
6,2,เขตสุขภาพที่ 2,พิษณุโลก,เมืองพิษณุโลก,07491,โรงพยาบาลส่งเสริมสุขภาพตำบลบ้านคลอง,โรงพยาบาลส่งเสริมสุขภาพตำบล,27,27,11,2.45,0,27,0.0,,,8.6,27,0,100.0,0,1,,4.95,25650621,25690724,4,0,0,0,23,0,4,0,0,23,0
7,2,เขตสุขภาพที่ 2,พิษณุโลก,บางกระทุ่ม,07550,โรงพยาบาลส่งเสริมสุขภาพตำบลนครป่าหมาก,โรงพยาบาลส่งเสริมสุขภาพตำบล,26,26,2,13.0,0,26,0.0,,,7.0,26,0,100.0,0,0,,4.77,25620103,25690105,0,0,0,0,26,0,0,0,0,26,0
8,2,เขตสุขภาพที่ 2,พิษณุโลก,บางระกำ,07536,โรงพยาบาลส่งเสริมสุขภาพตำบลบ้านชุมแสง,ศูนย์บริการสาธารณสุข อปท.,26,26,1,26.0,0,26,0.0,,,9.3,26,0,100.0,0,0,,4.77,25641230,25681016,0,0,0,0,26,0,0,0,0,26,0
9,2,เขตสุขภาพที่ 2,พิษณุโลก,เมืองพิษณุโลก,07478,โรงพยาบาลส่งเสริมสุขภาพตำบลวัดจันทร์,โรงพยาบาลส่งเสริมสุขภาพตำบล,21,21,15,1.4,0,21,0.0,,,9.6,21,0,100.0,2,0,-100.0,3.85,25661107,25690217,0,0,0,0,21,0,0,0,0,21,0
10,2,เขตสุขภาพที่ 2,พิษณุโลก,เมืองพิษณุโลก,77610,ศูนย์สุขภาพเมืองพิษณุโลก,ศูนย์สุขภาพชุมชน ของ รพ. / เมือง (ศสม.),20,20,16,1.25,0,20,0.0,,,8.9,20,0,100.0,0,3,,3.67,25620402,25690604,0,0,0,0,20,0,0,0,0,20,0
11,2,เขตสุขภาพที่ 2,พิษณุโลก,บางกระทุ่ม,07552,โรงพยาบาลส่งเสริมสุขภาพตำบลเนินกุ่ม,โรงพยาบาลส่งเสริมสุขภาพตำบล,19,19,2,9.5,0,19,0.0,,,7.6,19,0,100.0,1,0,-100.0,3.49,25620221,25690203,0,0,0,0,19,0,0,0,0,19,0
12,2,เขตสุขภาพที่ 2,พิษณุโลก,วังทอง,77747,ศูนย์สุขภาพชุมชนร่วมใจ,ศูนย์สุขภาพชุมชน ของ รพ. / เมือง (ศสม.),16,16,2,8.0,0,16,0.0,,,6.6,16,0,100.0,0,0,,2.94,25650205,25681220,0,0,0,0,16,0,0,0,0,16,0
13,2,เขตสุขภาพที่ 2,พิษณุโลก,เมืองพิษณุโลก,07492,โรงพยาบาลส่งเสริมสุขภาพตำบลพลายชุมพล,ศูนย์บริการสาธารณสุข อปท.,16,16,13,1.23,0,16,0.0,,,9.8,16,0,100.0,8,0,-100.0,2.94,25670801,25690217,0,0,0,0,16,0,0,0,0,16,0
14,2,เขตสุขภาพที่ 2,พิษณุโลก,วัดโบสถ์,07571,โรงพยาบาลส่งเสริมสุขภาพตำบลท้อแท้,โรงพยาบาลส่งเสริมสุขภาพตำบล,15,15,1,15.0,15,0,100.0,111.7,115.8,,15,0,100.0,1,0,-100.0,2.75,25620301,25690305,0,0,0,0,15,0,0,0,0,15,0
15,2,เขตสุขภาพที่ 2,พิษณุโลก,บางระกำ,07528,โรงพยาบาลส่งเสริมสุขภาพตำบลพันเสา,โรงพยาบาลส่งเสริมสุขภาพตำบล,15,15,2,7.5,0,15,0.0,,,8.3,15,0,100.0,0,0,,2.75,25620120,25681129,0,0,0,0,15,0,0,0,0,15,0
16,2,เขตสุขภาพที่ 2,พิษณุโลก,บางระกำ,07537,โรงพยาบาลส่งเสริมสุขภาพตำบลชุมแสงสงคราม,โรงพยาบาลส่งเสริมสุขภาพตำบล,12,12,2,6.0,0,12,0.0,,,8.0,12,0,100.0,0,2,,2.2,25620128,25690612,0,0,0,0,12,0,0,0,0,12,0
17,2,เขตสุขภาพที่ 2,พิษณุโลก,วังทอง,07584,สถานีอนามัยเฉลิมพระเกียรติ 60 พรรษา นวมินทราชินี บ้านกลาง,โรงพยาบาลส่งเสริมสุขภาพตำบล,9,9,3,3.0,0,9,0.0,,,8.2,9,0,100.0,4,0,-100.0,1.65,25660215,25690401,0,0,0,0,9,0,0,0,0,9,0
18,2,เขตสุขภาพที่ 2,พิษณุโลก,วังทอง,11256,โรงพยาบาลวังทอง,โรงพยาบาลชุมชน,8,8,5,1.6,0,8,0.0,,,7.6,8,0,100.0,0,1,,1.47,25650125,25690513,0,0,0,0,8,0,0,0,0,8,0
19,2,เขตสุขภาพที่ 2,พิษณุโลก,วัดโบสถ์,07572,โรงพยาบาลส่งเสริมสุขภาพตำบลบ้านท้อแท้,โรงพยาบาลส่งเสริมสุขภาพตำบล,8,8,2,4.0,8,0,100.0,0.3,43.5,,8,0,100.0,0,0,,1.47,25640304,25670611,0,0,0,0,8,0,0,0,0,8,0
20,2,เขตสุขภาพที่ 2,พิษณุโลก,วังทอง,07582,โรงพยาบาลส่งเสริมสุขภาพตำบลบ้านวังน้ำใส,โรงพยาบาลส่งเสริมสุขภาพตำบล,8,8,3,2.67,0,8,0.0,,,7.8,8,0,100.0,4,0,-100.0,1.47,25660125,25690326,0,0,0,0,8,0,0,0,0,8,0
21,2,เขตสุขภาพที่ 2,พิษณุโลก,บางกระทุ่ม,07547,โรงพยาบาลส่งเสริมสุขภาพตำบลสนามคลี,โรงพยาบาลส่งเสริมสุขภาพตำบล,8,8,1,8.0,0,8,0.0,,,6.6,8,0,100.0,0,1,,1.47,25660202,25690528,0,0,0,0,8,0,0,0,0,8,0
22,2,เขตสุขภาพที่ 2,พิษณุโลก,เนินมะปราง,07602,โรงพยาบาลส่งเสริมสุขภาพตำบลไทรย้อย,โรงพยาบาลส่งเสริมสุขภาพตำบล,8,8,2,4.0,0,8,0.0,,,5.2,8,0,100.0,0,0,,1.47,25650217,25680220,0,0,0,0,8,0,0,0,0,8,0
23,2,เขตสุขภาพที่ 2,พิษณุโลก,เนินมะปราง,07598,โรงพยาบาลส่งเสริมสุขภาพตำบลชมพู,ศูนย์บริการสาธารณสุข อปท.,7,7,1,7.0,0,7,0.0,,,2.0,7,0,100.0,0,0,,1.28,25630227,25660908,0,0,0,0,7,0,0,0,0,7,0
24,2,เขตสุขภาพที่ 2,พิษณุโลก,บางระกำ,07531,โรงพยาบาลส่งเสริมสุขภาพตำบลบึงกอก,โรงพยาบาลส่งเสริมสุขภาพตำบล,7,7,2,3.5,0,7,0.0,,,6.7,7,0,100.0,0,0,,1.28,25640112,25680707,0,0,0,0,7,0,0,0,0,7,0
25,2,เขตสุขภาพที่ 2,พิษณุโลก,วังทอง,07587,โรงพยาบาลส่งเสริมสุขภาพตำบลบ้านดงพลวง,โรงพยาบาลส่งเสริมสุขภาพตำบล,7,7,1,7.0,7,0,100.0,47.3,47.8,,7,0,100.0,1,0,-100.0,1.28,25650629,25690423,0,0,0,0,7,0,0,0,0,7,0
26,2,เขตสุขภาพที่ 2,พิษณุโลก,วัดโบสถ์,11255,โรงพยาบาลวัดโบสถ์,โรงพยาบาลชุมชน,6,6,5,1.2,0,6,0.0,,,7.7,6,0,100.0,1,0,-100.0,1.1,25640628,25690211,2,0,0,0,4,0,2,0,0,4,0
27,2,เขตสุขภาพที่ 2,พิษณุโลก,พรหมพิราม,07555,โรงพยาบาลส่งเสริมสุขภาพตำบลบ้านนาขุม,โรงพยาบาลส่งเสริมสุขภาพตำบล,6,6,1,6.0,0,6,0.0,,,3.8,6,0,100.0,0,0,,1.1,25670118,25681217,0,0,0,0,6,0,0,0,0,6,0
28,2,เขตสุขภาพที่ 2,พิษณุโลก,บางระกำ,07532,โรงพยาบาลส่งเสริมสุขภาพตำบลหนองกุลา,ศูนย์บริการสาธารณสุข อปท.,6,6,2,3.0,0,6,0.0,,,7.0,6,0,100.0,0,0,,1.1,25631211,25681201,0,0,0,0,6,0,0,0,0,6,0
29,2,เขตสุขภาพที่ 2,พิษณุโลก,นครไทย,11455,โรงพยาบาลสมเด็จพระยุพราชนครไทย,โรงพยาบาลชุมชน,5,5,4,1.25,0,5,0.0,,,10.0,5,0,100.0,2,0,-100.0,0.92,25670813,25690428,0,0,0,0,5,0,0,0,0,5,0
30,2,เขตสุขภาพที่ 2,พิษณุโลก,วัดโบสถ์,07570,โรงพยาบาลส่งเสริมสุขภาพตำบลท่างาม,โรงพยาบาลส่งเสริมสุขภาพตำบล,5,5,2,2.5,0,5,0.0,,,4.9,5,0,100.0,0,0,,0.92,25611219,25690126,1,0,0,0,4,0,1,0,0,4,0
31,2,เขตสุขภาพที่ 2,พิษณุโลก,บางกระทุ่ม,11253,โรงพยาบาลบางกระทุ่ม,โรงพยาบาลชุมชน,4,4,4,1.0,1,3,25.0,190.7,190.7,7.8,4,0,100.0,0,0,,0.73,25620404,25660620,0,0,1,0,3,0,0,0,1,3,0
32,2,เขตสุขภาพที่ 2,พิษณุโลก,ชาติตระการ,07516,โรงพยาบาลส่งเสริมสุขภาพตำบลชาติตระการ,ศูนย์บริการสาธารณสุข อปท.,4,4,1,4.0,0,4,0.0,,,7.1,4,0,100.0,0,0,,0.73,25630331,25650313,0,0,0,0,4,0,0,0,0,4,0
33,2,เขตสุขภาพที่ 2,พิษณุโลก,วัดโบสถ์,07576,โรงพยาบาลส่งเสริมสุขภาพตำบลบ้านท่าขอนเบน,โรงพยาบาลส่งเสริมสุขภาพตำบล,3,3,1,3.0,0,3,0.0,,,7.9,3,0,100.0,0,0,,0.55,25640530,25681118,0,0,0,0,3,0,0,0,0,3,0
34,2,เขตสุขภาพที่ 2,พิษณุโลก,เมืองพิษณุโลก,11797,โรงพยาบาลส่งเสริมสุขภาพตำบลบ้านสระโคล่,โรงพยาบาลส่งเสริมสุขภาพตำบล,3,3,3,1.0,0,3,0.0,,,8.9,3,0,100.0,0,0,,0.55,25671024,25671212,1,0,0,0,2,0,1,0,0,2,0
35,2,เขตสุขภาพที่ 2,พิษณุโลก,บางระกำ,14056,โรงพยาบาลส่งเสริมสุขภาพตำบลบ้านแหลมมะค่า,โรงพยาบาลส่งเสริมสุขภาพตำบล,3,3,1,3.0,0,3,0.0,,,7.2,3,0,100.0,0,0,,0.55,25680521,25690115,0,0,0,0,3,0,0,0,0,3,0
36,2,เขตสุขภาพที่ 2,พิษณุโลก,เนินมะปราง,07605,โรงพยาบาลส่งเสริมสุขภาพตำบลบ้านโปร่งไผ่,โรงพยาบาลส่งเสริมสุขภาพตำบล,3,3,1,3.0,0,3,0.0,,,7.5,3,0,100.0,0,0,,0.55,25631126,25651004,0,0,0,0,3,0,0,0,0,3,0
37,2,เขตสุขภาพที่ 2,พิษณุโลก,วังทอง,07591,โรงพยาบาลส่งเสริมสุขภาพตำบลวังนกแอ่น,โรงพยาบาลส่งเสริมสุขภาพตำบล,3,3,1,3.0,0,3,0.0,,,5.1,3,0,100.0,0,0,,0.55,25670516,25690109,0,0,0,0,3,0,0,0,0,3,0
38,2,เขตสุขภาพที่ 2,พิษณุโลก,เนินมะปราง,07607,โรงพยาบาลส่งเสริมสุขภาพตำบลวังยาง,โรงพยาบาลส่งเสริมสุขภาพตำบล,3,3,1,3.0,0,3,0.0,,,2.9,3,0,100.0,3,0,-100.0,0.55,25690205,25690207,0,0,0,0,3,0,0,0,0,3,0
39,2,เขตสุขภาพที่ 2,พิษณุโลก,นครไทย,07498,โรงพยาบาลส่งเสริมสุขภาพตำบลหนองกะท้าว,โรงพยาบาลส่งเสริมสุขภาพตำบล,3,3,1,3.0,0,3,0.0,,,7.4,3,0,100.0,1,0,-100.0,0.55,25680221,25690423,0,0,0,3,0,0,0,0,3,0,0
40,2,เขตสุขภาพที่ 2,พิษณุโลก,นครไทย,07515,โรงพยาบาลส่งเสริมสุขภาพตำบลห้วยเฮี้ย,ศูนย์บริการสาธารณสุข อปท.,3,3,1,3.0,1,2,33.3,65.7,65.7,6.7,3,0,100.0,0,0,,0.55,25620107,25620301,0,0,0,0,3,0,0,0,0,3,0
41,2,เขตสุขภาพที่ 2,พิษณุโลก,วังทอง,07588,โรงพยาบาลส่งเสริมสุขภาพตำบลแก่งโสภา,โรงพยาบาลส่งเสริมสุขภาพตำบล,3,3,1,3.0,3,0,100.0,5.0,53.2,,3,0,100.0,0,0,,0.55,25660105,25671121,0,0,0,0,3,0,0,0,0,3,0
42,2,เขตสุขภาพที่ 2,พิษณุโลก,พรหมพิราม,11254,โรงพยาบาลพรหมพิราม,โรงพยาบาลชุมชน,2,2,1,2.0,0,2,0.0,,,9.1,2,0,100.0,0,0,,0.37,25630306,25650805,0,0,0,0,2,0,0,0,0,2,0
43,2,เขตสุขภาพที่ 2,พิษณุโลก,เมืองพิษณุโลก,14662,โรงพยาบาลส่งเสริมสุขภาพ ศูนย์อนามัยที่ 2,ศูนย์บริการสาธารณสุข,2,2,2,1.0,2,0,100.0,70.1,118.1,,2,0,100.0,1,0,-100.0,0.37,25640913,25690409,0,0,2,0,0,0,0,0,2,0,0
44,2,เขตสุขภาพที่ 2,พิษณุโลก,ชาติตระการ,10612,โรงพยาบาลส่งเสริมสุขภาพตำบลบ้านน้ำจวง,โรงพยาบาลส่งเสริมสุขภาพตำบล,2,2,1,2.0,0,2,0.0,,,8.5,2,0,100.0,0,2,,0.37,25690613,25690613,0,0,0,0,2,0,0,0,0,2,0
45,2,เขตสุขภาพที่ 2,พิษณุโลก,บางระกำ,07534,โรงพยาบาลส่งเสริมสุขภาพตำบลบ้านหนองนา,โรงพยาบาลส่งเสริมสุขภาพตำบล,2,2,1,2.0,0,2,0.0,,,0.8,2,0,100.0,0,0,,0.37,25650119,25651021,2,0,0,0,0,0,2,0,0,0,0
46,2,เขตสุขภาพที่ 2,พิษณุโลก,บางระกำ,07535,โรงพยาบาลส่งเสริมสุขภาพตำบลบ้านหนองไผ่,โรงพยาบาลส่งเสริมสุขภาพตำบล,2,2,1,2.0,2,0,100.0,91.1,111.4,,2,0,100.0,0,0,,0.37,25641227,25660220,0,0,0,0,2,0,0,0,0,2,0
47,2,เขตสุขภาพที่ 2,พิษณุโลก,เมืองพิษณุโลก,07476,โรงพยาบาลส่งเสริมสุขภาพตำบลวังน้ำคู้,โรงพยาบาลส่งเสริมสุขภาพตำบล,2,2,1,2.0,0,2,0.0,,,5.0,2,0,100.0,0,0,,0.37,25661204,25680114,0,0,0,0,2,0,0,0,0,2,0
48,2,เขตสุขภาพที่ 2,พิษณุโลก,วังทอง,07594,โรงพยาบาลส่งเสริมสุขภาพตำบลหนองพระ,โรงพยาบาลส่งเสริมสุขภาพตำบล,2,2,1,2.0,2,0,100.0,108.7,108.8,,2,0,100.0,0,0,,0.37,25670207,25680114,0,0,0,0,2,0,0,0,0,2,0
49,2,เขตสุขภาพที่ 2,พิษณุโลก,เมืองพิษณุโลก,07487,โรงพยาบาลส่งเสริมสุขภาพตำบลหัวรอ,โรงพยาบาลส่งเสริมสุขภาพตำบล,2,2,2,1.0,0,2,0.0,,,7.7,2,0,100.0,0,0,,0.37,25650710,25660807,0,0,0,0,2,0,0,0,0,2,0
50,2,เขตสุขภาพที่ 2,พิษณุโลก,วังทอง,07581,โรงพยาบาลส่งเสริมสุขภาพตำบลแม่ระกา,โรงพยาบาลส่งเสริมสุขภาพตำบล,2,2,1,2.0,0,2,0.0,,,6.2,2,0,100.0,0,0,,0.37,25650615,25681120,0,0,0,0,2,0,0,0,0,2,0
51,2,เขตสุขภาพที่ 2,พิษณุโลก,เมืองพิษณุโลก,07496,โรงพยาบาลส่งเสริมสุขภาพตำบลไผ่ขอดอน,โรงพยาบาลส่งเสริมสุขภาพตำบล,2,2,1,2.0,0,2,0.0,,,9.0,2,0,100.0,0,0,,0.37,25660627,25680708,0,0,0,0,2,0,0,0,0,2,0
52,2,เขตสุขภาพที่ 2,พิษณุโลก,วังทอง,77743,ศูนย์สุขภาพชุมชนโรงพยาบาลวังทอง,ศูนย์สุขภาพชุมชน ของ รพ. / เมือง (ศสม.),1,1,1,1.0,0,1,0.0,,,4.9,1,0,100.0,0,0,,0.18,25661204,25661204,0,0,0,0,1,0,0,0,0,1,0
53,2,เขตสุขภาพที่ 2,พิษณุโลก,เนินมะปราง,77748,ศูนย์สุขภาพชุมชนโรงพยาบาลเนินมะปราง,ศูนย์สุขภาพชุมชน ของ รพ. / เมือง (ศสม.),1,1,1,1.0,0,1,0.0,,,8.0,1,0,100.0,1,0,-100.0,0.18,25690314,25690314,0,0,0,0,1,0,0,0,0,1,0
54,2,เขตสุขภาพที่ 2,พิษณุโลก,เมืองพิษณุโลก,77749,ศูนย์สุขภาพเมืองอรัญญิก,ศูนย์สุขภาพชุมชน ของ รพ. / เมือง (ศสม.),1,1,1,1.0,0,1,0.0,,,7.7,1,0,100.0,0,1,,0.18,25690601,25690601,0,0,0,0,1,0,0,0,0,1,0
55,2,เขตสุขภาพที่ 2,พิษณุโลก,วังทอง,41429,โรงพยาบาลจิตเวชพิษณุโลก,โรงพยาบาล นอก สป.สธ.,1,1,1,1.0,0,1,0.0,,,8.9,1,0,100.0,0,0,,0.18,25680318,25680318,0,0,0,0,1,0,0,0,0,1,0
56,2,เขตสุขภาพที่ 2,พิษณุโลก,วังทอง,07595,โรงพยาบาลส่งเสริมสุขภาพตำบลชัยนาม,โรงพยาบาลส่งเสริมสุขภาพตำบล,1,1,1,1.0,0,1,0.0,,,2.0,1,0,100.0,0,0,,0.18,25681203,25681203,0,0,0,0,1,0,0,0,0,1,0
57,2,เขตสุขภาพที่ 2,พิษณุโลก,พรหมพิราม,07554,โรงพยาบาลส่งเสริมสุขภาพตำบลท่าช้าง,โรงพยาบาลส่งเสริมสุขภาพตำบล,1,1,1,1.0,0,1,0.0,,,9.1,1,0,100.0,0,0,,0.18,25680603,25680603,0,0,0,0,1,0,0,0,0,1,0
58,2,เขตสุขภาพที่ 2,พิษณุโลก,บางกระทุ่ม,14057,โรงพยาบาลส่งเสริมสุขภาพตำบลบ้านขอนอ้าปาก,โรงพยาบาลส่งเสริมสุขภาพตำบล,1,1,1,1.0,0,1,0.0,,,9.0,1,0,100.0,1,0,-100.0,0.18,25690202,25690202,0,0,0,0,1,0,0,0,0,1,0
59,2,เขตสุขภาพที่ 2,พิษณุโลก,เมืองพิษณุโลก,07489,โรงพยาบาลส่งเสริมสุขภาพตำบลบ้านจอมทอง,โรงพยาบาลส่งเสริมสุขภาพตำบล,1,1,1,1.0,0,1,0.0,,,3.8,1,0,100.0,0,0,,0.18,25670402,25670402,0,0,0,0,1,0,0,0,0,1,0
60,2,เขตสุขภาพที่ 2,พิษณุโลก,เมืองพิษณุโลก,07485,โรงพยาบาลส่งเสริมสุขภาพตำบลบ้านป่า,ศูนย์บริการสาธารณสุข อปท.,1,1,1,1.0,0,1,0.0,,,6.9,1,0,100.0,0,0,,0.18,25650810,25650810,0,0,0,0,1,0,0,0,0,1,0
61,2,เขตสุขภาพที่ 2,พิษณุโลก,วังทอง,07580,โรงพยาบาลส่งเสริมสุขภาพตำบลบ้านสุพรรณพนมทอง,โรงพยาบาลส่งเสริมสุขภาพตำบล,1,1,1,1.0,0,1,0.0,,,6.0,1,0,100.0,0,0,,0.18,25680318,25680318,0,0,0,0,1,0,0,0,0,1,0
62,2,เขตสุขภาพที่ 2,พิษณุโลก,นครไทย,07501,โรงพยาบาลส่งเสริมสุขภาพตำบลบ้านหนองหิน,โรงพยาบาลส่งเสริมสุขภาพตำบล,1,1,1,1.0,0,1,0.0,,,1.6,1,0,100.0,0,0,,0.18,25680319,25680319,1,0,0,0,0,0,1,0,0,0,0
63,2,เขตสุขภาพที่ 2,พิษณุโลก,เมืองพิษณุโลก,11798,โรงพยาบาลส่งเสริมสุขภาพตำบลบ้านแหลมโพธิ์,ศูนย์บริการสาธารณสุข อปท.,1,1,1,1.0,0,1,0.0,,,6.7,1,0,100.0,0,1,,0.18,25690512,25690512,0,0,0,0,1,0,0,0,0,1,0
64,2,เขตสุขภาพที่ 2,พิษณุโลก,วังทอง,07593,โรงพยาบาลส่งเสริมสุขภาพตำบลบ้านไผ่ใหญ่,โรงพยาบาลส่งเสริมสุขภาพตำบล,1,1,1,1.0,0,1,0.0,,,7.1,1,0,100.0,0,1,,0.18,25690710,25690710,0,0,0,0,1,0,0,0,0,1,0
65,2,เขตสุขภาพที่ 2,พิษณุโลก,บางระกำ,07526,โรงพยาบาลส่งเสริมสุขภาพตำบลปลักแรด,โรงพยาบาลส่งเสริมสุขภาพตำบล,1,1,1,1.0,0,1,0.0,,,9.2,1,0,100.0,0,0,,0.18,25650529,25650529,0,0,0,0,1,0,0,0,0,1,0
66,2,เขตสุขภาพที่ 2,พิษณุโลก,บางกระทุ่ม,07553,โรงพยาบาลส่งเสริมสุขภาพตำบลวัดตายม,โรงพยาบาลส่งเสริมสุขภาพตำบล,1,1,1,1.0,0,1,0.0,,,8.9,1,0,100.0,1,0,-100.0,0.18,25690213,25690213,0,0,0,0,1,0,0,0,0,1,0
67,2,เขตสุขภาพที่ 2,พิษณุโลก,เนินมะปราง,11257,โรงพยาบาลเนินมะปราง,โรงพยาบาลชุมชน,1,1,1,1.0,1,0,100.0,22.3,22.3,,1,0,100.0,0,0,,0.18,25630101,25630101,0,0,0,1,0,0,1,0,0,0,0
